{
    "items": [
        {
            "Name": "Camera",
            "TextColor": {
                "r": 0.49803924560546877,
                "g": 0.8392157554626465,
                "b": 0.988235354423523,
                "a": 1.0
            },
            "FontSize": 11,
            "FontStyle": 1,
            "ImageColor": {
                "r": 0.49803921580314639,
                "g": 0.8392156958580017,
                "b": 0.9882352948188782,
                "a": 1.0
            },
            "ImageType": 0
        },
        {
            "Name": "UI",
            "TextColor": {
                "r": 0.760784387588501,
                "g": 0.760784387588501,
                "b": 0.760784387588501,
                "a": 1.0
            },
            "FontSize": 11,
            "FontStyle": 1,
            "ImageColor": {
                "r": 0.7607843279838562,
                "g": 0.7607843279838562,
                "b": 0.7607843279838562,
                "a": 1.0
            },
            "ImageType": 0
        },
        {
            "Name": "Volume",
            "TextColor": {
                "r": 1.0,
                "g": 1.0,
                "b": 1.0,
                "a": 1.0
            },
            "FontSize": 11,
            "FontStyle": 1,
            "ImageColor": {
                "r": 1.0,
                "g": 1.0,
                "b": 1.0,
                "a": 1.0
            },
            "ImageType": 0
        }
    ]
}